{
  "logreg": {
    "pr_auc": 0.4549289299453475,
    "roc_auc": 0.7521329144080591,
    "brier": 0.238929627218725,
    "threshold_05": 0.5,
    "f1_05": 0.46915317851278443,
    "p_05": 0.32711808963035655,
    "r_05": 0.8291873963515755,
    "opt_threshold_f1": 0.6133132728123274,
    "opt_p": 0.42727787209960383,
    "opt_r": 0.6260364842454395,
    "opt_f1": 0.5079044735956945,
    "p07_threshold": 0.976464125523809,
    "p07_p": 0.7,
    "p07_r": 0.005804311774461028,
    "p07_f1": 0.011513157894736841,
    "p06_threshold": 0.7854846130262937,
    "p06_p": 0.6061452513966481,
    "p06_r": 0.1799336650082919,
    "p06_f1": 0.2774936061381074
  },
  "random_forest": {
    "pr_auc": 0.5267828734779127,
    "roc_auc": 0.7782966000222765,
    "brier": 0.22906063119753256,
    "threshold_05": 0.5,
    "f1_05": 0.4877802973041068,
    "p_05": 0.3503438291711907,
    "r_05": 0.802653399668325,
    "opt_threshold_f1": 0.6419895638498484,
    "opt_p": 0.4612523248605084,
    "opt_r": 0.6169154228855721,
    "opt_f1": 0.5278467541681447,
    "p07_threshold": 0.7865958538885157,
    "p07_p": 0.7013698630136986,
    "p07_r": 0.21227197346600332,
    "p07_f1": 0.32590706556333543,
    "p06_threshold": 0.7371105156623899,
    "p06_p": 0.6009791921664627,
    "p06_r": 0.4071310116086235,
    "p06_f1": 0.4854176964903608
  },
  "xgboost": {
    "pr_auc": 0.48525974029141605,
    "roc_auc": 0.7705500405311749,
    "brier": 0.14250540733337402,
    "threshold_05": 0.5,
    "f1_05": 0.32195121951219513,
    "p_05": 0.6082949308755761,
    "r_05": 0.21890547263681592,
    "opt_threshold_f1": 0.27303507924079895,
    "opt_p": 0.44920440636474906,
    "opt_r": 0.6086235489220564,
    "opt_f1": 0.5169014084507042,
    "p07_threshold": 0.6478502750396729,
    "p07_p": 0.702247191011236,
    "p07_r": 0.10364842454394693,
    "p07_f1": 0.18063583815028902,
    "p06_threshold": 0.4803431034088135,
    "p06_p": 0.6016427104722792,
    "p06_r": 0.2429519071310116,
    "p06_f1": 0.3461311281748376
  }
}